sample,MYDatasetID[0],MYDatasetID[1],MYDatasetID[2],MYDatasetID[3]
sample,sampling event,forest type,trap,damaged
a1-1,GX.9136,GX.9376,GX.9141,
a1-2,GX.9136,GX.9376,GX.9141,
a1-3,GX.9136,GX.9376,GX.9141,
a1-4,GX.9136,GX.9376,GX.9141,
a1-5,GX.9136,GX.9376,GX.9141,
a1-6,GX.9136,GX.9376,GX.9141,
a1-7,GX.9136,GX.9376,GX.9141,
a1-8,GX.9136,GX.9376,GX.9141,
a1-9,GX.9136,GX.9376,GX.9141,
a2-1,GX.9136,GX.9376,GX.9142,
a2-2,GX.9136,GX.9376,GX.9142,
a2-3,GX.9136,GX.9376,GX.9142,
a2-4,GX.9136,GX.9376,GX.9142,
a2-5,GX.9136,GX.9376,GX.9142,
a2-6,GX.9136,GX.9376,GX.9142,
a2-7,GX.9136,GX.9376,GX.9142,
a2-8,GX.9136,GX.9376,GX.9142,
a2-9,GX.9136,GX.9376,GX.9142,
b1-2,GX.9136,GX.9375,GX.9143,
b1-3,GX.9136,GX.9375,GX.9143,
b1-4,GX.9136,GX.9375,GX.9143,
b1-5,GX.9136,GX.9375,GX.9143,
b1-6,GX.9136,GX.9375,GX.9143,
b1-7,GX.9136,GX.9375,GX.9143,
b1-8,GX.9136,GX.9375,GX.9143,
b1-9,GX.9136,GX.9375,GX.9143,
b2-1,GX.9136,GX.9375,GX.9144,
b2-2,GX.9136,GX.9375,GX.9144,
b2-4,GX.9136,GX.9375,GX.9144,
b2-5,GX.9136,GX.9375,GX.9144,
b2-6,GX.9136,GX.9375,GX.9144,
b2-7,GX.9136,GX.9375,GX.9144,
b2-8,GX.9136,GX.9375,GX.9144,
b2-9,GX.9136,GX.9375,GX.9144,
b3-1,GX.9136,GX.9375,GX.9145,
b3-2,GX.9136,GX.9375,GX.9145,
b3-3,GX.9136,GX.9375,GX.9145,
b3-4,GX.9136,GX.9375,GX.9145,
b3-5,GX.9136,GX.9375,GX.9145,
b3-6,GX.9136,GX.9375,GX.9145,
b3-7,GX.9136,GX.9375,GX.9145,
b3-8,GX.9136,GX.9375,GX.9145,
b3-9,GX.9136,GX.9375,GX.9145,
c1-1,GX.9136,GX.9376,GX.9146,
c1-2,GX.9136,GX.9376,GX.9146,
c1-3,GX.9136,GX.9376,GX.9146,
c1-4,GX.9136,GX.9376,GX.9146,
c1-7,GX.9136,GX.9376,GX.9146,
c1-8,GX.9136,GX.9376,GX.9146,
c1-9,GX.9136,GX.9376,GX.9146,
c2-1,GX.9136,GX.9376,GX.9147,
c2-2,GX.9136,GX.9376,GX.9147,
c2-3,GX.9136,GX.9376,GX.9147,
c2-4,GX.9136,GX.9376,GX.9147,
c2-5,GX.9136,GX.9376,GX.9147,
c2-6,GX.9136,GX.9376,GX.9147,
c2-7,GX.9136,GX.9376,GX.9147,
c2-8,GX.9136,GX.9376,GX.9147,
c2-9,GX.9136,GX.9376,GX.9147,
d1-1,GX.9136,GX.9375,GX.9148,
d1-2,GX.9136,GX.9375,GX.9148,
d1-3,GX.9136,GX.9375,GX.9148,
d1-4,GX.9136,GX.9375,GX.9148,
d1-5,GX.9136,GX.9375,GX.9148,
d1-6,GX.9136,GX.9375,GX.9148,
d1-7,GX.9136,GX.9375,GX.9148,
d1-8,GX.9136,GX.9375,GX.9148,
d1-9,GX.9136,GX.9375,GX.9148,
d2-1,GX.9136,GX.9375,GX.9149,
d2-2,GX.9136,GX.9375,GX.9149,
d2-3,GX.9136,GX.9375,GX.9149,
d2-4,GX.9136,GX.9375,GX.9149,
d2-5,GX.9136,GX.9375,GX.9149,
d2-6,GX.9136,GX.9375,GX.9149,
d2-7,GX.9136,GX.9375,GX.9149,
d2-8,GX.9136,GX.9375,GX.9149,
d2-9,GX.9136,GX.9375,GX.9149,
d3-1,GX.9136,GX.9375,GX.9150,
d3-2,GX.9136,GX.9375,GX.9150,
d3-3,GX.9136,GX.9375,GX.9150,
d3-4,GX.9136,GX.9375,GX.9150,
d3-5,GX.9136,GX.9375,GX.9150,
d3-6,GX.9136,GX.9375,GX.9150,
d3-7,GX.9136,GX.9375,GX.9150,
d3-8,GX.9136,GX.9375,GX.9150,
d3-9,GX.9136,GX.9375,GX.9150,
e1-1,GX.9116,GX.9375,GX.9153,
e1-2,GX.9116,GX.9375,GX.9153,
e1-3,GX.9116,GX.9375,GX.9153,
e1-4,GX.9116,GX.9375,GX.9153,
e1-5,GX.9116,GX.9375,GX.9153,
e1-7,GX.9116,GX.9375,GX.9153,
e1-8,GX.9116,GX.9375,GX.9153,
e1-9,GX.9116,GX.9375,GX.9153,
e1-10,GX.9116,GX.9375,GX.9153,
e1-11,GX.9116,GX.9375,GX.9153,
e1-12,GX.9116,GX.9375,GX.9153,
e1-13,GX.9116,GX.9375,GX.9153,
e1-14,GX.9116,GX.9375,GX.9153,
e1-15,GX.9116,GX.9375,GX.9153,
e1-16,GX.9116,GX.9375,GX.9153,
e1-17,GX.9116,GX.9375,GX.9153,
e1-18,GX.9116,GX.9375,GX.9153,
e2-1,GX.9116,GX.9375,GX.9154,
e2-2,GX.9116,GX.9375,GX.9154,
e2-3,GX.9116,GX.9375,GX.9154,
e2-4,GX.9116,GX.9375,GX.9154,
e2-5,GX.9116,GX.9375,GX.9154,
e2-7,GX.9116,GX.9375,GX.9154,
e2-9,GX.9116,GX.9375,GX.9154,
e2-11,GX.9116,GX.9375,GX.9154,
e2-12,GX.9116,GX.9375,GX.9154,
e2-13,GX.9116,GX.9375,GX.9154,
e2-14,GX.9116,GX.9375,GX.9154,
e2-15,GX.9116,GX.9375,GX.9154,
e2-18,GX.9116,GX.9375,GX.9154,
e3-1,GX.9116,GX.9375,GX.9155,
e3-2,GX.9116,GX.9375,GX.9155,
e3-3,GX.9116,GX.9375,GX.9155,
e3-4,GX.9116,GX.9375,GX.9155,
e3-5,GX.9116,GX.9375,GX.9155,
e3-7,GX.9116,GX.9375,GX.9155,
e3-9,GX.9116,GX.9375,GX.9155,
e3-11,GX.9116,GX.9375,GX.9155,
e3-12,GX.9116,GX.9375,GX.9155,
e3-13,GX.9116,GX.9375,GX.9155,
e3-14,GX.9116,GX.9375,GX.9155,
e3-15,GX.9116,GX.9375,GX.9155,
e3-18,GX.9116,GX.9375,GX.9155,
f1-1,GX.9116,GX.9377,GX.9156,
f1-2,GX.9116,GX.9377,GX.9156,
f1-3,GX.9116,GX.9377,GX.9156,
f1-4,GX.9116,GX.9377,GX.9156,
f1-5,GX.9116,GX.9377,GX.9156,
f1-7,GX.9116,GX.9377,GX.9156,
f1-8,GX.9116,GX.9377,GX.9156,
f1-9,GX.9116,GX.9377,GX.9156,
f1-10,GX.9116,GX.9377,GX.9156,
f1-11,GX.9116,GX.9377,GX.9156,
f1-12,GX.9116,GX.9377,GX.9156,
f1-13,GX.9116,GX.9377,GX.9156,
f1-14,GX.9116,GX.9377,GX.9156,
f1-15,GX.9116,GX.9377,GX.9156,
f1-16,GX.9116,GX.9377,GX.9156,
f1-17,GX.9116,GX.9377,GX.9156,
f1-18,GX.9116,GX.9377,GX.9156,
f2-1,GX.9116,GX.9377,GX.9157,
f2-2,GX.9116,GX.9377,GX.9157,
f2-3,GX.9116,GX.9377,GX.9157,
f2-4,GX.9116,GX.9377,GX.9157,
f2-5,GX.9116,GX.9377,GX.9157,
f2-7,GX.9116,GX.9377,GX.9157,
f2-9,GX.9116,GX.9377,GX.9157,
f2-10,GX.9116,GX.9377,GX.9157,
f2-11,GX.9116,GX.9377,GX.9157,
f2-12,GX.9116,GX.9377,GX.9157,
f2-13,GX.9116,GX.9377,GX.9157,
f2-14,GX.9116,GX.9377,GX.9157,
f2-15,GX.9116,GX.9377,GX.9157,
f2-17,GX.9116,GX.9377,GX.9157,
g1-1,GX.9116,GX.9375,GX.9158,
g1-2,GX.9116,GX.9375,GX.9158,
g1-3,GX.9116,GX.9375,GX.9158,
g1-4,GX.9116,GX.9375,GX.9158,
g1-5,GX.9116,GX.9375,GX.9158,
g1-8,GX.9116,GX.9375,GX.9158,
g1-9,GX.9116,GX.9375,GX.9158,
g1-10,GX.9116,GX.9375,GX.9158,
g1-13,GX.9116,GX.9375,GX.9158,
g1-15,GX.9116,GX.9375,GX.9158,
g1-18,GX.9116,GX.9375,GX.9158,
g1-19,GX.9116,GX.9375,GX.9158,
g2-1,GX.9116,GX.9375,GX.9159,
g2-2,GX.9116,GX.9375,GX.9159,
g2-3,GX.9116,GX.9375,GX.9159,
g2-4,GX.9116,GX.9375,GX.9159,
g2-5,GX.9116,GX.9375,GX.9159,
g2-6,GX.9116,GX.9375,GX.9159,
g2-7,GX.9116,GX.9375,GX.9159,
g2-8,GX.9116,GX.9375,GX.9159,
g2-9,GX.9116,GX.9375,GX.9159,
g2-10,GX.9116,GX.9375,GX.9159,
g2-11,GX.9116,GX.9375,GX.9159,
g2-12,GX.9116,GX.9375,GX.9159,
g2-13,GX.9116,GX.9375,GX.9159,
g2-14,GX.9116,GX.9375,GX.9159,
g2-15,GX.9116,GX.9375,GX.9159,
g2-16,GX.9116,GX.9375,GX.9159,
g2-17,GX.9116,GX.9375,GX.9159,
g2-18,GX.9116,GX.9375,GX.9159,
g2-19,GX.9116,GX.9375,GX.9159,
g3-1,GX.9116,GX.9375,GX.9160,
g3-2,GX.9116,GX.9375,GX.9160,
g3-3,GX.9116,GX.9375,GX.9160,
g3-4,GX.9116,GX.9375,GX.9160,
g3-5,GX.9116,GX.9375,GX.9160,
g3-6,GX.9116,GX.9375,GX.9160,
g3-10,GX.9116,GX.9375,GX.9160,
g3-11,GX.9116,GX.9375,GX.9160,
g3-12,GX.9116,GX.9375,GX.9160,
g3-13,GX.9116,GX.9375,GX.9160,
g3-14,GX.9116,GX.9375,GX.9160,
g3-15,GX.9116,GX.9375,GX.9160,
g3-16,GX.9116,GX.9375,GX.9160,
g3-17,GX.9116,GX.9375,GX.9160,
g3-18,GX.9116,GX.9375,GX.9160,
h1-1,GX.9116,GX.9377,GX.9161,
h1-2,GX.9116,GX.9377,GX.9161,
h1-3,GX.9116,GX.9377,GX.9161,
h1-4,GX.9116,GX.9377,GX.9161,
h1-5,GX.9116,GX.9377,GX.9161,
h1-6,GX.9116,GX.9377,GX.9161,
h1-7,GX.9116,GX.9377,GX.9161,
h1-8,GX.9116,GX.9377,GX.9161,
h1-9,GX.9116,GX.9377,GX.9161,
h1-10,GX.9116,GX.9377,GX.9161,
h1-11,GX.9116,GX.9377,GX.9161,
h1-12,GX.9116,GX.9377,GX.9161,
h1-13,GX.9116,GX.9377,GX.9161,
h1-14,GX.9116,GX.9377,GX.9161,
h1-15,GX.9116,GX.9377,GX.9161,
h1-16,GX.9116,GX.9377,GX.9161,
h1-17,GX.9116,GX.9377,GX.9161,
h1-19,GX.9116,GX.9377,GX.9161,
h2-1,GX.9116,GX.9376,GX.9162,
h2-2,GX.9116,GX.9376,GX.9162,
h2-3,GX.9116,GX.9376,GX.9162,
h2-4,GX.9116,GX.9376,GX.9162,
h2-5,GX.9116,GX.9376,GX.9162,
h2-6,GX.9116,GX.9376,GX.9162,
h2-7,GX.9116,GX.9376,GX.9162,
h2-8,GX.9116,GX.9376,GX.9162,
h2-9,GX.9116,GX.9376,GX.9162,
h2-10,GX.9116,GX.9376,GX.9162,
h2-11,GX.9116,GX.9376,GX.9162,
h2-12,GX.9116,GX.9376,GX.9162,
h2-13,GX.9116,GX.9376,GX.9162,
h2-14,GX.9116,GX.9376,GX.9162,
h2-15,GX.9116,GX.9376,GX.9162,
h2-16,GX.9116,GX.9376,GX.9162,
h2-17,GX.9116,GX.9376,GX.9162,
h2-19,GX.9116,GX.9376,GX.9162,
i1-1,GX.9116,GX.9375,GX.9163,
i1-4,GX.9116,GX.9375,GX.9163,
i1-6,GX.9116,GX.9375,GX.9163,
i1-7,GX.9116,GX.9375,GX.9163,
i1-8,GX.9116,GX.9375,GX.9163,
i1-9,GX.9116,GX.9375,GX.9163,
i1-10,GX.9116,GX.9375,GX.9163,
i1-11,GX.9116,GX.9375,GX.9163,
i1-12,GX.9116,GX.9375,GX.9163,
i1-13,GX.9116,GX.9375,GX.9163,
i1-14,GX.9116,GX.9375,GX.9163,
i1-15,GX.9116,GX.9375,GX.9163,
i1-16,GX.9116,GX.9375,GX.9163,
i1-17,GX.9116,GX.9375,GX.9163,
i1-18,GX.9116,GX.9375,GX.9163,
i1-19,GX.9116,GX.9375,GX.9163,
i2-1,GX.9116,GX.9375,GX.9164,
i2-2,GX.9116,GX.9375,GX.9164,
i2-3,GX.9116,GX.9375,GX.9164,
i2-4,GX.9116,GX.9375,GX.9164,
i2-5,GX.9116,GX.9375,GX.9164,
i2-6,GX.9116,GX.9375,GX.9164,
i2-7,GX.9116,GX.9375,GX.9164,
i2-8,GX.9116,GX.9375,GX.9164,
i2-9,GX.9116,GX.9375,GX.9164,
i2-10,GX.9116,GX.9375,GX.9164,
i2-11,GX.9116,GX.9375,GX.9164,
i2-12,GX.9116,GX.9375,GX.9164,
i2-13,GX.9116,GX.9375,GX.9164,
i2-14,GX.9116,GX.9375,GX.9164,
i2-15,GX.9116,GX.9375,GX.9164,
i2-16,GX.9116,GX.9375,GX.9164,
i2-17,GX.9116,GX.9375,GX.9164,
i2-18,GX.9116,GX.9375,GX.9164,
i2-19,GX.9116,GX.9375,GX.9164,
i3-1,GX.9116,GX.9375,GX.9165,
i3-2,GX.9116,GX.9375,GX.9165,
i3-3,GX.9116,GX.9375,GX.9165,
i3-5,GX.9116,GX.9375,GX.9165,
i3-6,GX.9116,GX.9375,GX.9165,
i3-7,GX.9116,GX.9375,GX.9165,
j1-6,GX.9116,GX.9377,GX.9166,
j1-7,GX.9116,GX.9377,GX.9166,
j1-8,GX.9116,GX.9377,GX.9166,
j1-9,GX.9116,GX.9377,GX.9166,
j1-10,GX.9116,GX.9377,GX.9166,
j1-11,GX.9116,GX.9377,GX.9166,
j1-12,GX.9116,GX.9377,GX.9166,
j1-13,GX.9116,GX.9377,GX.9166,
j1-14,GX.9116,GX.9377,GX.9166,
j1-15,GX.9116,GX.9377,GX.9166,
j1-16,GX.9116,GX.9377,GX.9166,
j1-17,GX.9116,GX.9377,GX.9166,
j1-18,GX.9116,GX.9377,GX.9166,
j1-19,GX.9116,GX.9377,GX.9166,
j2-2,GX.9116,GX.9376,GX.9167,
j2-3,GX.9116,GX.9376,GX.9167,
j2-4,GX.9116,GX.9376,GX.9167,
j2-5,GX.9116,GX.9376,GX.9167,
j2-6,GX.9116,GX.9376,GX.9167,
j2-8,GX.9116,GX.9376,GX.9167,
j2-9,GX.9116,GX.9376,GX.9167,
j2-10,GX.9116,GX.9376,GX.9167,
j2-11,GX.9116,GX.9376,GX.9167,
j2-12,GX.9116,GX.9376,GX.9167,
j2-13,GX.9116,GX.9376,GX.9167,
j2-14,GX.9116,GX.9376,GX.9167,
j2-15,GX.9116,GX.9376,GX.9167,
k1-10,GX.9116,GX.9375,GX.9151,
k1-11,GX.9116,GX.9375,GX.9151,
k1-12,GX.9116,GX.9375,GX.9151,
k1-13,GX.9116,GX.9375,GX.9151,
k1-14,GX.9116,GX.9375,GX.9151,
k1-15,GX.9116,GX.9375,GX.9151,
k1-16,GX.9116,GX.9375,GX.9151,
k1-17,GX.9116,GX.9375,GX.9151,
k1-18,GX.9116,GX.9375,GX.9151,
k2-10,GX.9116,GX.9375,GX.9152,
k2-11,GX.9116,GX.9375,GX.9152,
k2-12,GX.9116,GX.9375,GX.9152,
k2-13,GX.9116,GX.9375,GX.9152,
k2-14,GX.9116,GX.9375,GX.9152,
k2-15,GX.9116,GX.9375,GX.9152,
k2-16,GX.9116,GX.9375,GX.9152,
k2-17,GX.9116,GX.9375,GX.9152,
la1-1,GX.9137,GX.9378,GX.9181,
la1-2,GX.9137,GX.9378,GX.9181,
la1-3,GX.9137,GX.9378,GX.9181,
la1-4,GX.9137,GX.9378,GX.9181,
la1-5,GX.9137,GX.9378,GX.9181,
la1-6,GX.9137,GX.9378,GX.9181,
la1-7,GX.9137,GX.9378,GX.9181,
la1-8,GX.9137,GX.9378,GX.9181,
la1-9,GX.9137,GX.9378,GX.9181,
la1-10,GX.9137,GX.9378,GX.9181,
la1-11,GX.9137,GX.9378,GX.9181,
la1-12,GX.9137,GX.9378,GX.9181,
la1-13,GX.9137,GX.9378,GX.9181,
la2-1,GX.9137,GX.9378,GX.9182,
la2-2,GX.9137,GX.9378,GX.9182,
la2-3,GX.9137,GX.9378,GX.9182,
la2-4,GX.9137,GX.9378,GX.9182,
la2-5,GX.9137,GX.9378,GX.9182,
la2-6,GX.9137,GX.9378,GX.9182,
la2-7,GX.9137,GX.9378,GX.9182,
la2-8,GX.9137,GX.9378,GX.9182,
la2-9,GX.9137,GX.9378,GX.9182,
la2-10,GX.9137,GX.9378,GX.9182,
la2-11,GX.9137,GX.9378,GX.9182,
la2-12,GX.9137,GX.9378,GX.9182,
la2-13,GX.9137,GX.9378,GX.9182,
la3-1,GX.9137,GX.9378,GX.9183,
la3-2,GX.9137,GX.9378,GX.9183,
la3-3,GX.9137,GX.9378,GX.9183,
la3-4,GX.9137,GX.9378,GX.9183,
la3-5,GX.9137,GX.9378,GX.9183,
la3-6,GX.9137,GX.9378,GX.9183,
la3-7,GX.9137,GX.9378,GX.9183,
la3-8,GX.9137,GX.9378,GX.9183,
la3-9,GX.9137,GX.9378,GX.9183,
la3-10,GX.9137,GX.9378,GX.9183,
la3-11,GX.9137,GX.9378,GX.9183,
la3-12,GX.9137,GX.9378,GX.9183,
la3-13,GX.9137,GX.9378,GX.9183,
la4-1,GX.9137,GX.9378,GX.9184,
la4-2,GX.9137,GX.9378,GX.9184,
la4-3,GX.9137,GX.9378,GX.9184,
la4-4,GX.9137,GX.9378,GX.9184,
la4-5,GX.9137,GX.9378,GX.9184,
la4-6,GX.9137,GX.9378,GX.9184,
la4-7,GX.9137,GX.9378,GX.9184,
la4-8,GX.9137,GX.9378,GX.9184,
la4-9,GX.9137,GX.9378,GX.9184,
la4-10,GX.9137,GX.9378,GX.9184,
la4-11,GX.9137,GX.9378,GX.9184,
la4-12,GX.9137,GX.9378,GX.9184,
la4-13,GX.9137,GX.9378,GX.9184,
la5-1,GX.9137,GX.9379,GX.9185,
la5-2,GX.9137,GX.9379,GX.9185,
la5-3,GX.9137,GX.9379,GX.9185,
la5-4,GX.9137,GX.9379,GX.9185,
la5-5,GX.9137,GX.9379,GX.9185,
la5-6,GX.9137,GX.9379,GX.9185,
la5-7,GX.9137,GX.9379,GX.9185,
la5-8,GX.9137,GX.9379,GX.9185,
la5-9,GX.9137,GX.9379,GX.9185,
la5-10,GX.9137,GX.9379,GX.9185,
la5-11,GX.9137,GX.9379,GX.9185,
la5-12,GX.9137,GX.9379,GX.9185,
la5-13,GX.9137,GX.9379,GX.9185,
la6-1,GX.9137,GX.9379,GX.9186,
la6-2,GX.9137,GX.9379,GX.9186,
la6-3,GX.9137,GX.9379,GX.9186,
la6-4,GX.9137,GX.9379,GX.9186,
la6-5,GX.9137,GX.9379,GX.9186,
la6-6,GX.9137,GX.9379,GX.9186,
la6-7,GX.9137,GX.9379,GX.9186,
la6-8,GX.9137,GX.9379,GX.9186,
la6-9,GX.9137,GX.9379,GX.9186,
la6-10,GX.9137,GX.9379,GX.9186,
la6-11,GX.9137,GX.9379,GX.9186,
la6-12,GX.9137,GX.9379,GX.9186,
la6-13,GX.9137,GX.9379,GX.9186,
la7-1,GX.9137,GX.9379,GX.9187,
la7-2,GX.9137,GX.9379,GX.9187,
la7-3,GX.9137,GX.9379,GX.9187,
la7-4,GX.9137,GX.9379,GX.9187,
la7-5,GX.9137,GX.9379,GX.9187,
la7-6,GX.9137,GX.9379,GX.9187,
la7-7,GX.9137,GX.9379,GX.9187,
la7-8,GX.9137,GX.9379,GX.9187,
la7-9,GX.9137,GX.9379,GX.9187,
la7-10,GX.9137,GX.9379,GX.9187,
la7-11,GX.9137,GX.9379,GX.9187,
la7-12,GX.9137,GX.9379,GX.9187,
la7-13,GX.9137,GX.9379,GX.9187,
la8-1,GX.9137,GX.9379,GX.9188,
la8-2,GX.9137,GX.9379,GX.9188,
la8-3,GX.9137,GX.9379,GX.9188,
la8-4,GX.9137,GX.9379,GX.9188,
la8-5,GX.9137,GX.9379,GX.9188,
la8-6,GX.9137,GX.9379,GX.9188,
la8-7,GX.9137,GX.9379,GX.9188,
la8-8,GX.9137,GX.9379,GX.9188,
la8-9,GX.9137,GX.9379,GX.9188,
la8-10,GX.9137,GX.9379,GX.9188,
la8-11,GX.9137,GX.9379,GX.9188,
la8-12,GX.9137,GX.9379,GX.9188,
la8-13,GX.9137,GX.9379,GX.9188,
la9-1,GX.9137,GX.9378,GX.9189,
la9-2,GX.9137,GX.9378,GX.9189,
la9-3,GX.9137,GX.9378,GX.9189,
la9-4,GX.9137,GX.9378,GX.9189,
la9-5,GX.9137,GX.9378,GX.9189,
la9-6,GX.9137,GX.9378,GX.9189,
la9-7,GX.9137,GX.9378,GX.9189,
la9-8,GX.9137,GX.9378,GX.9189,
la9-9,GX.9137,GX.9378,GX.9189,
la9-10,GX.9137,GX.9378,GX.9189,
la9-11,GX.9137,GX.9378,GX.9189,
la9-12,GX.9137,GX.9378,GX.9189,
la9-13,GX.9137,GX.9378,GX.9189,
m1--6,GX.9118,GX.9516,GX.9168,
m1--5,GX.9118,GX.9516,GX.9168,
m1--4,GX.9118,GX.9516,GX.9168,
m1--3,GX.9118,GX.9516,GX.9168,
m1--2,GX.9118,GX.9516,GX.9168,
m1--1,GX.9118,GX.9516,GX.9168,
m1-1,GX.9118,GX.9516,GX.9168,
m1-2,GX.9118,GX.9516,GX.9168,
m1-3,GX.9118,GX.9516,GX.9168,
m1-4,GX.9118,GX.9516,GX.9168,
m1-5,GX.9118,GX.9516,GX.9168,
m1-6,GX.9118,GX.9516,GX.9168,
m1-7,GX.9118,GX.9516,GX.9168,
m1-8,GX.9118,GX.9516,GX.9168,
m1-9,GX.9118,GX.9516,GX.9168,
m1-10,GX.9118,GX.9516,GX.9168,
m1-11,GX.9118,GX.9516,GX.9168,
m1-12,GX.9118,GX.9516,GX.9168,
m1-13,GX.9118,GX.9516,GX.9168,
m1-14,GX.9118,GX.9516,GX.9168,
m1-15,GX.9118,GX.9516,GX.9168,
m1-16,GX.9118,GX.9516,GX.9168,
m1-17,GX.9118,GX.9516,GX.9168,
m1-18,GX.9118,GX.9516,GX.9168,
m1-19,GX.9118,GX.9516,GX.9168,
m1-20,GX.9118,GX.9516,GX.9168,
m1-21,GX.9118,GX.9516,GX.9168,
m1-22,GX.9118,GX.9516,GX.9168,
m1-23,GX.9118,GX.9516,GX.9168,
m1-24,GX.9118,GX.9516,GX.9168,
m1-25,GX.9118,GX.9516,GX.9168,
m1-26,GX.9118,GX.9516,GX.9168,
m1-27,GX.9118,GX.9516,GX.9168,
m1-28,GX.9118,GX.9516,GX.9168,
m1-29,GX.9118,GX.9516,GX.9168,
m2--5,GX.9118,GX.9516,GX.9169,
m2--4,GX.9118,GX.9516,GX.9169,
m2--3,GX.9118,GX.9516,GX.9169,
m2--2,GX.9118,GX.9516,GX.9169,
m2--1,GX.9118,GX.9516,GX.9169,
m2-1,GX.9118,GX.9516,GX.9169,
m2-2,GX.9118,GX.9516,GX.9169,
m2-3,GX.9118,GX.9516,GX.9169,
m2-4,GX.9118,GX.9516,GX.9169,
m2-5,GX.9118,GX.9516,GX.9169,
m2-6,GX.9118,GX.9516,GX.9169,
m2-7,GX.9118,GX.9516,GX.9169,
m2-8,GX.9118,GX.9516,GX.9169,
m2-9,GX.9118,GX.9516,GX.9169,
m2-10,GX.9118,GX.9516,GX.9169,
m2-11,GX.9118,GX.9516,GX.9169,
m2-12,GX.9118,GX.9516,GX.9169,
m2-13,GX.9118,GX.9516,GX.9169,
m2-14,GX.9118,GX.9516,GX.9169,
m2-15,GX.9118,GX.9516,GX.9169,
m2-16,GX.9118,GX.9516,GX.9169,
m2-17,GX.9118,GX.9516,GX.9169,
m2-18,GX.9118,GX.9516,GX.9169,
m2-19,GX.9118,GX.9516,GX.9169,
m2-20,GX.9118,GX.9516,GX.9169,
m2-21,GX.9118,GX.9516,GX.9169,
m2-22,GX.9118,GX.9516,GX.9169,
m2-23,GX.9118,GX.9516,GX.9169,
m2-24,GX.9118,GX.9516,GX.9169,
m2-25,GX.9118,GX.9516,GX.9169,
m2-26,GX.9118,GX.9516,GX.9169,
m2-27,GX.9118,GX.9516,GX.9169,
m2-28,GX.9118,GX.9516,GX.9169,
m2-29,GX.9118,GX.9516,GX.9169,
m3--5,GX.9118,GX.9516,GX.9170,
m3--4,GX.9118,GX.9516,GX.9170,
m3--3,GX.9118,GX.9516,GX.9170,
m3--2,GX.9118,GX.9516,GX.9170,
m3--1,GX.9118,GX.9516,GX.9170,
m3-1,GX.9118,GX.9516,GX.9170,
m3-2,GX.9118,GX.9516,GX.9170,
m3-3,GX.9118,GX.9516,GX.9170,
m3-4,GX.9118,GX.9516,GX.9170,
m3-5,GX.9118,GX.9516,GX.9170,
m3-6,GX.9118,GX.9516,GX.9170,
m3-7,GX.9118,GX.9516,GX.9170,
m3-8,GX.9118,GX.9516,GX.9170,
m3-9,GX.9118,GX.9516,GX.9170,
m3-10,GX.9118,GX.9516,GX.9170,
m3-11,GX.9118,GX.9516,GX.9170,
m3-12,GX.9118,GX.9516,GX.9170,
m3-13,GX.9118,GX.9516,GX.9170,
m3-14,GX.9118,GX.9516,GX.9170,
m3-15,GX.9118,GX.9516,GX.9170,
m3-16,GX.9118,GX.9516,GX.9170,
m3-17,GX.9118,GX.9516,GX.9170,
m3-18,GX.9118,GX.9516,GX.9170,
m3-19,GX.9118,GX.9516,GX.9170,
m3-20,GX.9118,GX.9516,GX.9170,
m3-21,GX.9118,GX.9516,GX.9170,
m3-22,GX.9118,GX.9516,GX.9170,
m3-23,GX.9118,GX.9516,GX.9170,
m3-24,GX.9118,GX.9516,GX.9170,
m3-25,GX.9118,GX.9516,GX.9170,
m3-26,GX.9118,GX.9516,GX.9170,
m3-27,GX.9118,GX.9516,GX.9170,
m3-28,GX.9118,GX.9516,GX.9170,
m3-29,GX.9118,GX.9516,GX.9170,
m4--2,GX.9118,GX.9516,GX.9117,
m4--1,GX.9118,GX.9516,GX.9117,
m4-1,GX.9118,GX.9516,GX.9117,
m4-4,GX.9118,GX.9516,GX.9117,
m4-5,GX.9118,GX.9516,GX.9117,
m4-6,GX.9118,GX.9516,GX.9117,
m4-7,GX.9118,GX.9516,GX.9117,
m4-8,GX.9118,GX.9516,GX.9117,
m4-9,GX.9118,GX.9516,GX.9117,
m4-10,GX.9118,GX.9516,GX.9117,
m4-11,GX.9118,GX.9516,GX.9117,
m4-12,GX.9118,GX.9516,GX.9117,
m4-13,GX.9118,GX.9516,GX.9117,
m4-14,GX.9118,GX.9516,GX.9117,
m4-15,GX.9118,GX.9516,GX.9117,
m4-16,GX.9118,GX.9516,GX.9117,
m4-17,GX.9118,GX.9516,GX.9117,
m4-18,GX.9118,GX.9516,GX.9117,
m4-19,GX.9118,GX.9516,GX.9117,
m4-20,GX.9118,GX.9516,GX.9117,
m4-21,GX.9118,GX.9516,GX.9117,
m4-22,GX.9118,GX.9516,GX.9117,
m4-23,GX.9118,GX.9516,GX.9117,
m4-24,GX.9118,GX.9516,GX.9117,
m4-25,GX.9118,GX.9516,GX.9117,
m4-26,GX.9118,GX.9516,GX.9117,
m4-27,GX.9118,GX.9516,GX.9117,
m4-28,GX.9118,GX.9516,GX.9117,
m4-29,GX.9118,GX.9516,GX.9117,
m5--1,GX.9118,GX.9516,GX.9171,
m5-1,GX.9118,GX.9516,GX.9171,
m5-2,GX.9118,GX.9516,GX.9171,
m5-3,GX.9118,GX.9516,GX.9171,
m5-4,GX.9118,GX.9516,GX.9171,
m5-6,GX.9118,GX.9516,GX.9171,
m5-7,GX.9118,GX.9516,GX.9171,
m5-8,GX.9118,GX.9516,GX.9171,
m5-9,GX.9118,GX.9516,GX.9171,
m5-10,GX.9118,GX.9516,GX.9171,
m5-11,GX.9118,GX.9516,GX.9171,
m5-12,GX.9118,GX.9516,GX.9171,
m6-23,GX.9118,GX.9516,GX.9172,
m6-24,GX.9118,GX.9516,GX.9172,
m6-25,GX.9118,GX.9516,GX.9172,
m6-26,GX.9118,GX.9516,GX.9172,
m6-27,GX.9118,GX.9516,GX.9172,
m6-28,GX.9118,GX.9516,GX.9172,
m6-29,GX.9118,GX.9516,GX.9172,
m7-23,GX.9118,GX.9516,GX.9173,
m7-24,GX.9118,GX.9516,GX.9173,
m7-25,GX.9118,GX.9516,GX.9173,
m7-26,GX.9118,GX.9516,GX.9173,
m7-27,GX.9118,GX.9516,GX.9173,
m7-28,GX.9118,GX.9516,GX.9173,
m7-29,GX.9118,GX.9516,GX.9173,
m8-23,GX.9118,GX.9516,GX.9174,
m8-24,GX.9118,GX.9516,GX.9174,
m8-25,GX.9118,GX.9516,GX.9174,
m8-26,GX.9118,GX.9516,GX.9174,
m8-28,GX.9118,GX.9516,GX.9174,
m8-29,GX.9118,GX.9516,GX.9174,
m10-23,GX.9118,GX.9516,GX.9176,
m10-24,GX.9118,GX.9516,GX.9176,
m10-25,GX.9118,GX.9516,GX.9176,
m10-26,GX.9118,GX.9516,GX.9176,
m10-27,GX.9118,GX.9516,GX.9176,
m10-28,GX.9118,GX.9516,GX.9176,
m10-29,GX.9118,GX.9516,GX.9176,
m11-23,GX.9118,GX.9516,GX.9177,
m11-24,GX.9118,GX.9516,GX.9177,
m11-25,GX.9118,GX.9516,GX.9177,
m11-26,GX.9118,GX.9516,GX.9177,
m11-27,GX.9118,GX.9516,GX.9177,
m11-28,GX.9118,GX.9516,GX.9177,
m11-29,GX.9118,GX.9516,GX.9177,
m12-23,GX.9118,GX.9516,GX.9178,
m12-24,GX.9118,GX.9516,GX.9178,
m12-25,GX.9118,GX.9516,GX.9178,
m12-26,GX.9118,GX.9516,GX.9178,
m12-27,GX.9118,GX.9516,GX.9178,
m12-28,GX.9118,GX.9516,GX.9178,
m12-29,GX.9118,GX.9516,GX.9178,
m13-23,GX.9118,GX.9516,GX.9179,
m13-24,GX.9118,GX.9516,GX.9179,
m13-25,GX.9118,GX.9516,GX.9179,
m13-26,GX.9118,GX.9516,GX.9179,
m13-27,GX.9118,GX.9516,GX.9179,
m13-28,GX.9118,GX.9516,GX.9179,
m13-29,GX.9118,GX.9516,GX.9179,
m14-23,GX.9118,GX.9516,GX.9180,
m14-24,GX.9118,GX.9516,GX.9180,
m14-25,GX.9118,GX.9516,GX.9180,
m14-26,GX.9118,GX.9516,GX.9180,
m14-27,GX.9118,GX.9516,GX.9180,
m14-28,GX.9118,GX.9516,GX.9180,
m14-29,GX.9118,GX.9516,GX.9180,
CCT1-141022,GX.1998,GX.1986,GX.1957,
CCT1-141104,GX.1998,GX.1986,GX.1957,
CCT1-141118,GX.1998,GX.1986,GX.1957,
CCT1-141202,GX.1998,GX.1986,GX.1957,
CCT1-141215,GX.1998,GX.1986,GX.1957,
CCT1-141229,GX.1998,GX.1986,GX.1957,
CCT1-150113,GX.1998,GX.1986,GX.1957,
CCT1-150127,GX.1998,GX.1986,GX.1957,
CCT1-150210,GX.1998,GX.1986,GX.1957,
CCT1-150224,GX.1998,GX.1986,GX.1957,
CCT1-150310,GX.1998,GX.1986,GX.1957,
CCT1-150324,GX.1998,GX.1986,GX.1957,
CCT1-150407,GX.1998,GX.1986,GX.1957,
CCT1-150421,GX.1998,GX.1986,GX.1957,
CCT1-150505,GX.1998,GX.1986,GX.1957,
CCT1-150519,GX.1998,GX.1986,GX.1957,
CCT1-150602,GX.1998,GX.1986,GX.1957,
CCT1-150617,GX.1998,GX.1986,GX.1957,
CCT1-150630,GX.1998,GX.1986,GX.1957,
CCT1-150714,GX.1998,GX.1986,GX.1957,
CCT1-150728,GX.1998,GX.1986,GX.1957,
CCT1-150811,GX.1998,GX.1986,GX.1957,
CCT1-150825,GX.1998,GX.1986,GX.1957,
CCT1-150911,GX.1998,GX.1986,GX.1957,GX.2010
CCT2-141022,GX.1998,GX.1986,GX.1958,
CCT3-141022,GX.1998,GX.1986,GX.1959,
CCT3-141104,GX.1998,GX.1986,GX.1959,
CCT3-141118,GX.1998,GX.1986,GX.1959,
CCT3-141202,GX.1998,GX.1986,GX.1959,
CCT3-141215,GX.1998,GX.1986,GX.1959,
CCT3-141229,GX.1998,GX.1986,GX.1959,
CCT3-150113,GX.1998,GX.1986,GX.1959,
CCT3-150127,GX.1998,GX.1986,GX.1959,
CCT3-150210,GX.1998,GX.1986,GX.1959,
CCT3-150224,GX.1998,GX.1986,GX.1959,
CCT3-150310,GX.1998,GX.1986,GX.1959,
CCT3-150324,GX.1998,GX.1986,GX.1959,
CCT3-150407,GX.1998,GX.1986,GX.1959,
CCT3-150421,GX.1998,GX.1986,GX.1959,
CCT3-150505,GX.1998,GX.1986,GX.1959,
CCT3-150519,GX.1998,GX.1986,GX.1959,
CCT3-150602,GX.1998,GX.1986,GX.1959,
CCT3-150617,GX.1998,GX.1986,GX.1959,
CCT3-150630,GX.1998,GX.1986,GX.1959,
CCT3-150714,GX.1998,GX.1986,GX.1959,
CCT3-150728,GX.1998,GX.1986,GX.1959,
CCT3-150811,GX.1998,GX.1986,GX.1959,
CCT3-150825,GX.1998,GX.1986,GX.1959,
CCT3-150911,GX.1998,GX.1986,GX.1959,
CCT4-141104,GX.1998,GX.1986,GX.1958,
CCT4-141118,GX.1998,GX.1986,GX.1958,
CCT4-141202,GX.1998,GX.1986,GX.1958,
CCT4-141215,GX.1998,GX.1986,GX.1958,
CCT4-141229,GX.1998,GX.1986,GX.1958,
CCT4-150113,GX.1998,GX.1986,GX.1958,
CCT4-150127,GX.1998,GX.1986,GX.1958,
CCT4-150210,GX.1998,GX.1986,GX.1958,
CCT4-150224,GX.1998,GX.1986,GX.1958,
CCT4-150310,GX.1998,GX.1986,GX.1958,
CCT4-150324,GX.1998,GX.1986,GX.1958,
CCT4-150407,GX.1998,GX.1986,GX.1958,
CCT4-150421,GX.1998,GX.1986,GX.1958,
CCT4-150505,GX.1998,GX.1986,GX.1958,
CCT4-150519,GX.1998,GX.1986,GX.1958,
CCT4-150602,GX.1998,GX.1986,GX.1958,
CCT4-150617,GX.1998,GX.1986,GX.1958,
CCT4-150630,GX.1998,GX.1986,GX.1958,
CCT4-150714,GX.1998,GX.1986,GX.1958,
CCT4-150728,GX.1998,GX.1986,GX.1958,
CCT4-150811,GX.1998,GX.1986,GX.1958,
CCT4-150825,GX.1998,GX.1986,GX.1958,
CCT4-150911,GX.1998,GX.1986,GX.1958,
FARMT1-140925,GX.1998,GX.1995,GX.1981,
FARMT1-141009,GX.1998,GX.1995,GX.1981,
FARMT1-141024,GX.1998,GX.1995,GX.1981,
FARMT1-141107,GX.1998,GX.1995,GX.1981,
FARMT1-141120,GX.1998,GX.1995,GX.1981,
FARMT1-141205,GX.1998,GX.1995,GX.1981,
FARMT1-141216,GX.1998,GX.1995,GX.1981,
FARMT1-141229,GX.1998,GX.1995,GX.1981,
FARMT1-150115,GX.1998,GX.1995,GX.1981,
FARMT1-150129,GX.1998,GX.1995,GX.1981,
FARMT1-150212,GX.1998,GX.1995,GX.1981,
FARMT1-150227,GX.1998,GX.1995,GX.1981,
FARMT1-150314,GX.1998,GX.1995,GX.1981,
FARMT1-150327,GX.1998,GX.1995,GX.1981,GX.2010
FARMT1-150410,GX.1998,GX.1995,GX.1981,
FARMT1-150424,GX.1998,GX.1995,GX.1981,
FARMT1-150508,GX.1998,GX.1995,GX.1981,
FARMT1-150522,GX.1998,GX.1995,GX.1981,
FARMT1-150605,GX.1998,GX.1995,GX.1981,
FARMT1-150619,GX.1998,GX.1995,GX.1981,
FARMT1-150703,GX.1998,GX.1995,GX.1981,
FARMT1-150717,GX.1998,GX.1995,GX.1981,
FARMT1-150731,GX.1998,GX.1995,GX.1981,
FARMT1-150813,GX.1998,GX.1995,GX.1981,
FARMT1-150828,GX.1998,GX.1995,GX.1981,GX.2010
FARMT2-140925,GX.1998,GX.1995,GX.1982,
FARMT2-141009,GX.1998,GX.1995,GX.1982,
FARMT2-141024,GX.1998,GX.1995,GX.1982,
FARMT2-141107,GX.1998,GX.1995,GX.1982,
FARMT2-141120,GX.1998,GX.1995,GX.1982,
FARMT2-141205,GX.1998,GX.1995,GX.1982,
FARMT2-141216,GX.1998,GX.1995,GX.1982,
FARMT2-141229,GX.1998,GX.1995,GX.1982,
FARMT2-150115,GX.1998,GX.1995,GX.1982,
FARMT2-150129,GX.1998,GX.1995,GX.1982,GX.2010
FARMT2-150212,GX.1998,GX.1995,GX.1982,
FARMT2-150227,GX.1998,GX.1995,GX.1982,
FARMT2-150314,GX.1998,GX.1995,GX.1982,
FARMT2-150327,GX.1998,GX.1995,GX.1982,
FARMT2-150410,GX.1998,GX.1995,GX.1982,
FARMT2-150424,GX.1998,GX.1995,GX.1982,
FARMT2-150508,GX.1998,GX.1995,GX.1982,GX.2010
FARMT2-150522,GX.1998,GX.1995,GX.1982,GX.2010
FARMT2-150605,GX.1998,GX.1995,GX.1982,GX.2010
HILLT1-141023,GX.1998,GX.1987,GX.1960,
HILLT1-141106,GX.1998,GX.1987,GX.1960,
HILLT1-141121,GX.1998,GX.1987,GX.1960,
HILLT1-141204,GX.1998,GX.1987,GX.1960,
HILLT1-141215,GX.1998,GX.1987,GX.1960,
HILLT1-141229,GX.1998,GX.1987,GX.1960,
HILLT1-150114,GX.1998,GX.1987,GX.1960,
HILLT1-150129,GX.1998,GX.1987,GX.1960,
HILLT1-150212,GX.1998,GX.1987,GX.1960,
HILLT1-150226,GX.1998,GX.1987,GX.1960,
HILLT1-150312,GX.1998,GX.1987,GX.1960,
HILLT1-150326,GX.1998,GX.1987,GX.1960,
HILLT1-150409,GX.1998,GX.1987,GX.1960,
HILLT1-150423,GX.1998,GX.1987,GX.1960,
HILLT1-150507,GX.1998,GX.1987,GX.1960,
HILLT1-150521,GX.1998,GX.1987,GX.1960,
HILLT1-150604,GX.1998,GX.1987,GX.1960,
HILLT1-150618,GX.1998,GX.1987,GX.1960,
HILLT1-150702,GX.1998,GX.1987,GX.1960,
HILLT1-150716,GX.1998,GX.1987,GX.1960,
HILLT1-150730,GX.1998,GX.1987,GX.1960,
HILLT1-150813,GX.1998,GX.1987,GX.1960,
HILLT1-150828,GX.1998,GX.1987,GX.1960,
HILLT1-150911,GX.1998,GX.1987,GX.1960,
HILLT2-141023,GX.1998,GX.1987,GX.1961,
HILLT2-141106,GX.1998,GX.1987,GX.1961,
HILLT2-141121,GX.1998,GX.1987,GX.1961,
HILLT2-141204,GX.1998,GX.1987,GX.1961,
HILLT2-141215,GX.1998,GX.1987,GX.1961,
HILLT2-141229,GX.1998,GX.1987,GX.1961,
HILLT2-150114,GX.1998,GX.1987,GX.1961,
HILLT2-150129,GX.1998,GX.1987,GX.1961,
HILLT2-150212,GX.1998,GX.1987,GX.1961,
HILLT2-150226,GX.1998,GX.1987,GX.1961,
HILLT2-150312,GX.1998,GX.1987,GX.1961,
HILLT2-150326,GX.1998,GX.1987,GX.1961,
HILLT2-150409,GX.1998,GX.1987,GX.1961,
HILLT2-150423,GX.1998,GX.1987,GX.1961,
HILLT2-150507,GX.1998,GX.1987,GX.1961,
HILLT2-150521,GX.1998,GX.1987,GX.1961,
HILLT2-150604,GX.1998,GX.1987,GX.1961,
HILLT2-150618,GX.1998,GX.1987,GX.1961,
HILLT2-150702,GX.1998,GX.1987,GX.1961,
HILLT2-150716,GX.1998,GX.1987,GX.1961,
HILLT2-150730,GX.1998,GX.1987,GX.1961,
HILLT2-150813,GX.1998,GX.1987,GX.1961,
HILLT2-150828,GX.1998,GX.1987,GX.1961,
HILLT2-150911,GX.1998,GX.1987,GX.1961,
K13T1-141020,GX.1998,GX.1990,GX.1970,
K13T1-141103,GX.1998,GX.1990,GX.1970,
K13T1-141117,GX.1998,GX.1990,GX.1970,
K13T1-141203,GX.1998,GX.1990,GX.1970,
K13T1-141215,GX.1998,GX.1990,GX.1970,
K13T1-141228,GX.1998,GX.1990,GX.1970,
K13T1-150115,GX.1998,GX.1990,GX.1970,
K13T1-150126,GX.1998,GX.1990,GX.1970,
K13T1-150209,GX.1998,GX.1990,GX.1970,
K13T1-150222,GX.1998,GX.1990,GX.1970,
K13T1-150309,GX.1998,GX.1990,GX.1970,
K13T1-150323,GX.1998,GX.1990,GX.1970,
K13T1-150406,GX.1998,GX.1990,GX.1970,
K13T1-150420,GX.1998,GX.1990,GX.1970,
K13T1-150504,GX.1998,GX.1990,GX.1970,
K13T1-150520,GX.1998,GX.1990,GX.1970,
K13T1-150601,GX.1998,GX.1990,GX.1970,
K13T1-150615,GX.1998,GX.1990,GX.1970,
K13T1-150629,GX.1998,GX.1990,GX.1970,
K13T1-150713,GX.1998,GX.1990,GX.1970,
K13T1-150727,GX.1998,GX.1990,GX.1970,
K13T1-150810,GX.1998,GX.1990,GX.1970,
K13T1-150827,GX.1998,GX.1990,GX.1970,
K13T1-150907,GX.1998,GX.1990,GX.1970,
K13T2-141020,GX.1998,GX.1990,GX.1971,
K13T2-141103,GX.1998,GX.1990,GX.1971,
K13T2-141117,GX.1998,GX.1990,GX.1971,
K13T2-141203,GX.1998,GX.1990,GX.1971,
K13T2-141215,GX.1998,GX.1990,GX.1971,
K13T2-141228,GX.1998,GX.1990,GX.1971,
K13T2-150115,GX.1998,GX.1990,GX.1971,
K13T2-150126,GX.1998,GX.1990,GX.1971,
K13T2-150209,GX.1998,GX.1990,GX.1971,
K13T2-150222,GX.1998,GX.1990,GX.1971,
K13T2-150309,GX.1998,GX.1990,GX.1971,
K13T2-150323,GX.1998,GX.1990,GX.1971,
K13T2-150406,GX.1998,GX.1990,GX.1971,
K13T2-150420,GX.1998,GX.1990,GX.1971,
K13T2-150504,GX.1998,GX.1990,GX.1971,
K13T2-150520,GX.1998,GX.1990,GX.1971,
K13T2-150601,GX.1998,GX.1990,GX.1971,
K13T2-150615,GX.1998,GX.1990,GX.1971,
K13T2-150629,GX.1998,GX.1990,GX.1971,
K13T2-150713,GX.1998,GX.1990,GX.1971,
K13T2-150727,GX.1998,GX.1990,GX.1971,
K13T2-150810,GX.1998,GX.1990,GX.1971,
K13T2-150827,GX.1998,GX.1990,GX.1971,
K13T2-150907,GX.1998,GX.1990,GX.1971,
K13T3-141020,GX.1998,GX.1990,GX.1972,
K13T3-141103,GX.1998,GX.1990,GX.1972,
K13T3-141117,GX.1998,GX.1990,GX.1972,
K13T3-141203,GX.1998,GX.1990,GX.1972,
K13T3-141215,GX.1998,GX.1990,GX.1972,
K13T3-141228,GX.1998,GX.1990,GX.1972,
K13T3-150112,GX.1998,GX.1990,GX.1972,
K13T3-150126,GX.1998,GX.1990,GX.1972,
K13T3-150209,GX.1998,GX.1990,GX.1972,
K13T3-150222,GX.1998,GX.1990,GX.1972,
K13T3-150309,GX.1998,GX.1990,GX.1972,
K13T3-150323,GX.1998,GX.1990,GX.1972,
K13T3-150406,GX.1998,GX.1990,GX.1972,
K13T3-150420,GX.1998,GX.1990,GX.1972,
K13T3-150504,GX.1998,GX.1990,GX.1972,
K13T3-150518,GX.1998,GX.1990,GX.1972,
K13T3-150601,GX.1998,GX.1990,GX.1972,
K13T3-150615,GX.1998,GX.1990,GX.1972,
K13T3-150629,GX.1998,GX.1990,GX.1972,
K13T3-150713,GX.1998,GX.1990,GX.1972,
K13T3-150727,GX.1998,GX.1990,GX.1972,
K13T3-150810,GX.1998,GX.1990,GX.1972,
K13T3-150827,GX.1998,GX.1990,GX.1972,
K13T3-150907,GX.1998,GX.1990,GX.1972,
K15T1-140909,GX.1998,GX.1989,GX.1966,
K15T1-140923,GX.1998,GX.1989,GX.1966,
K15T1-141007,GX.1998,GX.1989,GX.1966,
K15T1-141020,GX.1998,GX.1989,GX.1966,
K15T1-141103,GX.1998,GX.1989,GX.1966,
K15T1-141117,GX.1998,GX.1989,GX.1966,
K15T1-141201,GX.1998,GX.1989,GX.1966,
K15T1-141215,GX.1998,GX.1989,GX.1966,
K15T1-141228,GX.1998,GX.1989,GX.1966,
K15T1-150112,GX.1998,GX.1989,GX.1966,
K15T1-150126,GX.1998,GX.1989,GX.1966,
K15T1-150209,GX.1998,GX.1989,GX.1966,
K15T1-150223,GX.1998,GX.1989,GX.1966,
K15T1-150309,GX.1998,GX.1989,GX.1966,
K15T1-150323,GX.1998,GX.1989,GX.1966,
K15T1-150406,GX.1998,GX.1989,GX.1966,
K15T1-150420,GX.1998,GX.1989,GX.1966,
K15T1-150504,GX.1998,GX.1989,GX.1966,
K15T1-150518,GX.1998,GX.1989,GX.1966,
K15T1-150601,GX.1998,GX.1989,GX.1966,
K15T1-150615,GX.1998,GX.1989,GX.1966,
K15T1-150629,GX.1998,GX.1989,GX.1966,
K15T1-150713,GX.1998,GX.1989,GX.1966,
K15T1-150727,GX.1998,GX.1989,GX.1966,
K15T1-150810,GX.1998,GX.1989,GX.1966,
K15T1-150827,GX.1998,GX.1989,GX.1966,
K15T1-150907,GX.1998,GX.1989,GX.1966,
K15T1-150914,GX.1998,GX.1989,GX.1966,
K15T2-140909,GX.1998,GX.1989,GX.1967,
K15T2-140923,GX.1998,GX.1989,GX.1967,
K15T2-141007,GX.1998,GX.1989,GX.1967,
K15T2-141020,GX.1998,GX.1989,GX.1967,
K15T2-141103,GX.1998,GX.1989,GX.1967,
K15T2-141117,GX.1998,GX.1989,GX.1967,
K15T2-141201,GX.1998,GX.1989,GX.1967,
K15T2-141215,GX.1998,GX.1989,GX.1967,
K15T2-141228,GX.1998,GX.1989,GX.1967,
K15T2-150112,GX.1998,GX.1989,GX.1967,
K15T2-150126,GX.1998,GX.1989,GX.1967,
K15T2-150209,GX.1998,GX.1989,GX.1967,
K15T2-150223,GX.1998,GX.1989,GX.1967,
K15T2-150309,GX.1998,GX.1989,GX.1967,
K15T2-150323,GX.1998,GX.1989,GX.1967,
K15T2-150406,GX.1998,GX.1989,GX.1967,
K15T2-150420,GX.1998,GX.1989,GX.1967,
K15T2-150504,GX.1998,GX.1989,GX.1967,
K15T2-150518,GX.1998,GX.1989,GX.1967,
K15T2-150601,GX.1998,GX.1989,GX.1967,
K15T2-150615,GX.1998,GX.1989,GX.1967,
K15T2-150629,GX.1998,GX.1989,GX.1967,
K15T2-150713,GX.1998,GX.1989,GX.1967,
K15T2-150727,GX.1998,GX.1989,GX.1967,
K15T2-150810,GX.1998,GX.1989,GX.1967,
K15T2-150827,GX.1998,GX.1989,GX.1967,
K15T2-150907,GX.1998,GX.1989,GX.1967,
K15T2-150914,GX.1998,GX.1989,GX.1967,
K15T3-140909,GX.1998,GX.1989,GX.1968,
K15T3-140923,GX.1998,GX.1989,GX.1968,GX.2010
K15T3-140930,GX.1998,GX.1989,GX.1968,
K15T3-141007,GX.1998,GX.1989,GX.1968,
K15T3-141015,GX.1998,GX.1989,GX.1968,GX.2010
K15T3-141020,GX.1998,GX.1989,GX.1968,
K15T3-141027,GX.1998,GX.1989,GX.1968,
K15T3-141103,GX.1998,GX.1989,GX.1968,
K15T3-141117,GX.1998,GX.1989,GX.1968,
K15T3-141201,GX.1998,GX.1989,GX.1968,
K15T3-141215,GX.1998,GX.1989,GX.1968,
K15T3-141228,GX.1998,GX.1989,GX.1968,GX.2010
K15T3-150112,GX.1998,GX.1989,GX.1968,
K15T3-150126,GX.1998,GX.1989,GX.1968,
K15T3-150209,GX.1998,GX.1989,GX.1968,
K15T3-150223,GX.1998,GX.1989,GX.1968,GX.2010
K15T3-150309,GX.1998,GX.1989,GX.1968,
K15T3-150323,GX.1998,GX.1989,GX.1968,GX.2010
K15T3-150406,GX.1998,GX.1989,GX.1968,GX.2010
K15T3-150420,GX.1998,GX.1989,GX.1968,
K15T3-150504,GX.1998,GX.1989,GX.1968,
K15T3-150518,GX.1998,GX.1989,GX.1968,
K15T3-150601,GX.1998,GX.1989,GX.1968,
K15T3-150615,GX.1998,GX.1989,GX.1968,
K15T3-150629,GX.1998,GX.1989,GX.1968,
K15T3-150713,GX.1998,GX.1989,GX.1968,
K15T3-150727,GX.1998,GX.1989,GX.1968,
K15T3-150810,GX.1998,GX.1989,GX.1968,
K15T3-150827,GX.1998,GX.1989,GX.1968,GX.2010
K15T3-150907,GX.1998,GX.1989,GX.1968,
K15T3-150914,GX.1998,GX.1989,GX.1968,
K15T4-140909,GX.1998,GX.1989,GX.1969,
K15T4-140923,GX.1998,GX.1989,GX.1969,
K15T4-141007,GX.1998,GX.1989,GX.1969,
K15T4-141020,GX.1998,GX.1989,GX.1969,
K15T4-141103,GX.1998,GX.1989,GX.1969,
K15T4-141117,GX.1998,GX.1989,GX.1969,
K15T4-141201,GX.1998,GX.1989,GX.1969,
K15T4-141215,GX.1998,GX.1989,GX.1969,
K15T4-141228,GX.1998,GX.1989,GX.1969,
K15T4-150112,GX.1998,GX.1989,GX.1969,
K15T4-150126,GX.1998,GX.1989,GX.1969,
K15T4-150209,GX.1998,GX.1989,GX.1969,
K15T4-150223,GX.1998,GX.1989,GX.1969,
K15T4-150310,GX.1998,GX.1989,GX.1969,
K15T4-150323,GX.1998,GX.1989,GX.1969,
K15T4-150406,GX.1998,GX.1989,GX.1969,
K15T4-150420,GX.1998,GX.1989,GX.1969,
K15T4-150504,GX.1998,GX.1989,GX.1969,
K15T4-150518,GX.1998,GX.1989,GX.1969,
K15T4-150601,GX.1998,GX.1989,GX.1969,
K15T4-150615,GX.1998,GX.1989,GX.1969,
K15T4-150629,GX.1998,GX.1989,GX.1969,
K15T4-150713,GX.1998,GX.1989,GX.1969,
K15T4-150727,GX.1998,GX.1989,GX.1969,
K15T4-150810,GX.1998,GX.1989,GX.1969,
K15T4-150827,GX.1998,GX.1989,GX.1969,
K15T4-150907,GX.1998,GX.1989,GX.1969,
K15T4-150914,GX.1998,GX.1989,GX.1969,
K30ST1-141022,GX.1998,GX.1985,GX.1954,
K30ST1-141104,GX.1998,GX.1985,GX.1954,
K30ST2-141022,GX.1998,GX.1985,GX.1955,
K30ST2-141104,GX.1998,GX.1985,GX.1955,
K30ST2-141118,GX.1998,GX.1985,GX.1955,
K30ST2-141202,GX.1998,GX.1985,GX.1955,
K30ST2-141215,GX.1998,GX.1985,GX.1955,
K30ST2-141226,GX.1998,GX.1985,GX.1955,
K30ST2-141229,GX.1998,GX.1985,GX.1955,
K30ST2-150113,GX.1998,GX.1985,GX.1955,
K30ST2-150127,GX.1998,GX.1985,GX.1955,
K30ST2-150210,GX.1998,GX.1985,GX.1955,
K30ST2-150224,GX.1998,GX.1985,GX.1955,
K30ST2-150310,GX.1998,GX.1985,GX.1955,
K30ST2-150324,GX.1998,GX.1985,GX.1955,
K30ST2-150407,GX.1998,GX.1985,GX.1955,
K30ST2-150422,GX.1998,GX.1985,GX.1955,
K30ST2-150505,GX.1998,GX.1985,GX.1955,
K30ST2-150519,GX.1998,GX.1985,GX.1955,
K30ST2-150602,GX.1998,GX.1985,GX.1955,
K30ST2-150617,GX.1998,GX.1985,GX.1955,
K30ST2-150630,GX.1998,GX.1985,GX.1955,
K30ST2-150714,GX.1998,GX.1985,GX.1955,
K30ST2-150728,GX.1998,GX.1985,GX.1955,
K30ST2-150811,GX.1998,GX.1985,GX.1955,
K30ST2-150825,GX.1998,GX.1985,GX.1955,
K30ST2-150911,GX.1998,GX.1985,GX.1955,
K30ST3-141022,GX.1998,GX.1985,GX.1956,
K30ST3-141104,GX.1998,GX.1985,GX.1956,
K30ST3-141118,GX.1998,GX.1985,GX.1956,
K30ST3-141202,GX.1998,GX.1985,GX.1956,
K30ST3-141215,GX.1998,GX.1985,GX.1956,
K30ST3-141226,GX.1998,GX.1985,GX.1956,
K30ST3-141229,GX.1998,GX.1985,GX.1956,
K30ST3-150113,GX.1998,GX.1985,GX.1956,
K30ST3-150127,GX.1998,GX.1985,GX.1956,
K30ST3-150210,GX.1998,GX.1985,GX.1956,
K30ST3-150224,GX.1998,GX.1985,GX.1956,
K30ST3-150310,GX.1998,GX.1985,GX.1956,
K30ST3-150324,GX.1998,GX.1985,GX.1956,
K30ST3-150407,GX.1998,GX.1985,GX.1956,
K30ST3-150422,GX.1998,GX.1985,GX.1956,
K30ST3-150505,GX.1998,GX.1985,GX.1956,
K30ST3-150519,GX.1998,GX.1985,GX.1956,
K30ST3-150602,GX.1998,GX.1985,GX.1956,
K30ST3-150617,GX.1998,GX.1985,GX.1956,
K30ST3-150630,GX.1998,GX.1985,GX.1956,
K30ST3-150714,GX.1998,GX.1985,GX.1956,
K30ST3-150728,GX.1998,GX.1985,GX.1956,
K30ST3-150811,GX.1998,GX.1985,GX.1956,
K30ST3-150825,GX.1998,GX.1985,GX.1956,
K30ST3-150911,GX.1998,GX.1985,GX.1956,
K30ST4-141202,GX.1998,GX.1985,GX.1954,
K30ST4-141215,GX.1998,GX.1985,GX.1954,
K30ST4-141226,GX.1998,GX.1985,GX.1954,
K30ST4-141229,GX.1998,GX.1985,GX.1954,
K30ST4-150113,GX.1998,GX.1985,GX.1954,
K30ST4-150127,GX.1998,GX.1985,GX.1954,
K30ST4-150210,GX.1998,GX.1985,GX.1954,
K30ST4-150224,GX.1998,GX.1985,GX.1954,
K30ST4-150310,GX.1998,GX.1985,GX.1954,
K30ST4-150324,GX.1998,GX.1985,GX.1954,
K30ST4-150407,GX.1998,GX.1985,GX.1954,
K30ST4-150422,GX.1998,GX.1985,GX.1954,
K30ST4-150505,GX.1998,GX.1985,GX.1954,
K30ST4-150519,GX.1998,GX.1985,GX.1954,
K30ST4-150602,GX.1998,GX.1985,GX.1954,
K30ST4-150617,GX.1998,GX.1985,GX.1954,
K30ST4-150630,GX.1998,GX.1985,GX.1954,
K30ST4-150714,GX.1998,GX.1985,GX.1954,
K30ST4-150728,GX.1998,GX.1985,GX.1954,
K30ST4-150811,GX.1998,GX.1985,GX.1954,
K30ST4-150825,GX.1998,GX.1985,GX.1954,
K30ST4-150911,GX.1998,GX.1985,GX.1954,
K30T1-140910,GX.1998,GX.1984,GX.1950,
K30T1-140924,GX.1998,GX.1984,GX.1950,
K30T1-141008,GX.1998,GX.1984,GX.1950,
K30T1-141022,GX.1998,GX.1984,GX.1950,
K30T1-141104,GX.1998,GX.1984,GX.1950,
K30T1-141118,GX.1998,GX.1984,GX.1950,
K30T1-141202,GX.1998,GX.1984,GX.1950,
K30T1-141215,GX.1998,GX.1984,GX.1950,
K30T1-141229,GX.1998,GX.1984,GX.1950,
K30T1-150113,GX.1998,GX.1984,GX.1950,
K30T1-150127,GX.1998,GX.1984,GX.1950,
K30T1-150210,GX.1998,GX.1984,GX.1950,
K30T1-150224,GX.1998,GX.1984,GX.1950,
K30T1-150310,GX.1998,GX.1984,GX.1950,
K30T1-150324,GX.1998,GX.1984,GX.1950,
K30T1-150407,GX.1998,GX.1984,GX.1950,
K30T1-150421,GX.1998,GX.1984,GX.1950,
K30T1-150505,GX.1998,GX.1984,GX.1950,
K30T1-150519,GX.1998,GX.1984,GX.1950,
K30T1-150602,GX.1998,GX.1984,GX.1950,
K30T1-150617,GX.1998,GX.1984,GX.1950,
K30T1-150630,GX.1998,GX.1984,GX.1950,
K30T1-150714,GX.1998,GX.1984,GX.1950,
K30T1-150728,GX.1998,GX.1984,GX.1950,
K30T1-150811,GX.1998,GX.1984,GX.1950,
K30T1-150825,GX.1998,GX.1984,GX.1950,
K30T1-150909,GX.1998,GX.1984,GX.1950,
K30T1-150914,GX.1998,GX.1984,GX.1950,
K30T2-140910,GX.1998,GX.1984,GX.1951,
K30T2-140924,GX.1998,GX.1984,GX.1951,
K30T2-141008,GX.1998,GX.1984,GX.1951,
K30T2-141022,GX.1998,GX.1984,GX.1951,
K30T2-141104,GX.1998,GX.1984,GX.1951,
K30T2-141118,GX.1998,GX.1984,GX.1951,
K30T2-141202,GX.1998,GX.1984,GX.1951,
K30T2-141215,GX.1998,GX.1984,GX.1951,
K30T2-141229,GX.1998,GX.1984,GX.1951,
K30T2-150113,GX.1998,GX.1984,GX.1951,
K30T2-150127,GX.1998,GX.1984,GX.1951,
K30T2-150210,GX.1998,GX.1984,GX.1951,
K30T2-150224,GX.1998,GX.1984,GX.1951,
K30T2-150310,GX.1998,GX.1984,GX.1951,
K30T2-150324,GX.1998,GX.1984,GX.1951,
K30T2-150407,GX.1998,GX.1984,GX.1951,
K30T2-150421,GX.1998,GX.1984,GX.1951,
K30T2-150505,GX.1998,GX.1984,GX.1951,
K30T2-150519,GX.1998,GX.1984,GX.1951,
K30T2-150602,GX.1998,GX.1984,GX.1951,
K30T2-150617,GX.1998,GX.1984,GX.1951,
K30T2-150630,GX.1998,GX.1984,GX.1951,
K30T2-150714,GX.1998,GX.1984,GX.1951,
K30T2-150728,GX.1998,GX.1984,GX.1951,
K30T2-150811,GX.1998,GX.1984,GX.1951,
K30T2-150826,GX.1998,GX.1984,GX.1951,
K30T2-150909,GX.1998,GX.1984,GX.1951,
K30T2-150914,GX.1998,GX.1984,GX.1951,
K30T3-140910,GX.1998,GX.1984,GX.1952,
K30T3-140924,GX.1998,GX.1984,GX.1952,
K30T3-141008,GX.1998,GX.1984,GX.1952,
K30T3-141022,GX.1998,GX.1984,GX.1952,
K30T3-141104,GX.1998,GX.1984,GX.1952,
K30T3-141118,GX.1998,GX.1984,GX.1952,
K30T3-141202,GX.1998,GX.1984,GX.1952,
K30T3-141214,GX.1998,GX.1984,GX.1952,
K30T3-141226,GX.1998,GX.1984,GX.1952,
K30T3-150113,GX.1998,GX.1984,GX.1952,
K30T3-150127,GX.1998,GX.1984,GX.1952,
K30T3-150210,GX.1998,GX.1984,GX.1952,
K30T3-150224,GX.1998,GX.1984,GX.1952,
K30T3-150310,GX.1998,GX.1984,GX.1952,
K30T3-150324,GX.1998,GX.1984,GX.1952,
K30T3-150407,GX.1998,GX.1984,GX.1952,
K30T3-150421,GX.1998,GX.1984,GX.1952,
K30T3-150505,GX.1998,GX.1984,GX.1952,
K30T3-150519,GX.1998,GX.1984,GX.1952,
K30T3-150602,GX.1998,GX.1984,GX.1952,
K30T3-150617,GX.1998,GX.1984,GX.1952,
K30T3-150630,GX.1998,GX.1984,GX.1952,
K30T3-150714,GX.1998,GX.1984,GX.1952,
K30T3-150728,GX.1998,GX.1984,GX.1952,
K30T3-150811,GX.1998,GX.1984,GX.1952,
K30T3-150826,GX.1998,GX.1984,GX.1952,
K30T3-150908,GX.1998,GX.1984,GX.1952,
K30T3-150914,GX.1998,GX.1984,GX.1952,
K30T4-140910,GX.1998,GX.1984,GX.1953,
K30T4-140924,GX.1998,GX.1984,GX.1953,
K30T5-141008,GX.1998,GX.1984,GX.1953,
K30T5-141022,GX.1998,GX.1984,GX.1953,GX.2010
K30T5-141104,GX.1998,GX.1984,GX.1953,
K30T5-141118,GX.1998,GX.1984,GX.1953,
K30T5-141202,GX.1998,GX.1984,GX.1953,
K30T5-141214,GX.1998,GX.1984,GX.1953,
K30T5-141229,GX.1998,GX.1984,GX.1953,
K30T5-150113,GX.1998,GX.1984,GX.1953,
K30T5-150127,GX.1998,GX.1984,GX.1953,
K30T5-150210,GX.1998,GX.1984,GX.1953,
K30T5-150224,GX.1998,GX.1984,GX.1953,
K30T5-150310,GX.1998,GX.1984,GX.1953,
K30T5-150324,GX.1998,GX.1984,GX.1953,
K30T5-150407,GX.1998,GX.1984,GX.1953,
K30T5-150421,GX.1998,GX.1984,GX.1953,
K30T5-150505,GX.1998,GX.1984,GX.1953,
K30T5-150519,GX.1998,GX.1984,GX.1953,
K30T5-150602,GX.1998,GX.1984,GX.1953,
K30T5-150617,GX.1998,GX.1984,GX.1953,
K30T5-150630,GX.1998,GX.1984,GX.1953,
K30T5-150714,GX.1998,GX.1984,GX.1953,
K30T5-150728,GX.1998,GX.1984,GX.1953,
K30T5-150811,GX.1998,GX.1984,GX.1953,
K30T5-150826,GX.1998,GX.1984,GX.1953,
K30T5-150908,GX.1998,GX.1984,GX.1953,
K30T5-150914,GX.1998,GX.1984,GX.1953,
K31T1-141023,GX.1998,GX.1988,GX.1962,
K31T1-141106,GX.1998,GX.1988,GX.1962,
K31T1-141120,GX.1998,GX.1988,GX.1962,
K31T1-141204,GX.1998,GX.1988,GX.1962,
K31T1-141217,GX.1998,GX.1988,GX.1962,
K31T1-141229,GX.1998,GX.1988,GX.1962,
K31T1-150116,GX.1998,GX.1988,GX.1962,
K31T1-150130,GX.1998,GX.1988,GX.1962,
K31T1-150213,GX.1998,GX.1988,GX.1962,
K31T1-150226,GX.1998,GX.1988,GX.1962,
K31T1-150314,GX.1998,GX.1988,GX.1962,
K31T1-150326,GX.1998,GX.1988,GX.1962,
K31T1-150409,GX.1998,GX.1988,GX.1962,
K31T1-150423,GX.1998,GX.1988,GX.1962,
K31T1-150509,GX.1998,GX.1988,GX.1962,
K31T1-150523,GX.1998,GX.1988,GX.1962,
K31T1-150604,GX.1998,GX.1988,GX.1962,
K31T1-150618,GX.1998,GX.1988,GX.1962,
K31T1-150702,GX.1998,GX.1988,GX.1962,
K31T1-150716,GX.1998,GX.1988,GX.1962,
K31T1-150730,GX.1998,GX.1988,GX.1962,
K31T1-150814,GX.1998,GX.1988,GX.1962,
K31T1-150826,GX.1998,GX.1988,GX.1962,
K31T1-150912,GX.1998,GX.1988,GX.1962,
K31T2-141023,GX.1998,GX.1988,GX.1963,
K31T2-141106,GX.1998,GX.1988,GX.1963,
K31T2-141120,GX.1998,GX.1988,GX.1963,
K31T2-141204,GX.1998,GX.1988,GX.1963,
K31T2-141217,GX.1998,GX.1988,GX.1963,
K31T2-141229,GX.1998,GX.1988,GX.1963,
K31T2-150116,GX.1998,GX.1988,GX.1963,
K31T2-150130,GX.1998,GX.1988,GX.1963,
K31T2-150213,GX.1998,GX.1988,GX.1963,
K31T2-150226,GX.1998,GX.1988,GX.1963,
K31T2-150314,GX.1998,GX.1988,GX.1963,
K31T2-150326,GX.1998,GX.1988,GX.1963,
K31T2-150409,GX.1998,GX.1988,GX.1963,
K31T2-150423,GX.1998,GX.1988,GX.1963,
K31T2-150509,GX.1998,GX.1988,GX.1963,
K31T2-150523,GX.1998,GX.1988,GX.1963,
K31T2-150604,GX.1998,GX.1988,GX.1963,
K31T2-150618,GX.1998,GX.1988,GX.1963,
K31T2-150702,GX.1998,GX.1988,GX.1963,
K31T2-150716,GX.1998,GX.1988,GX.1963,
K31T2-150730,GX.1998,GX.1988,GX.1963,
K31T2-150814,GX.1998,GX.1988,GX.1963,
K31T2-150826,GX.1998,GX.1988,GX.1963,
K31T2-150912,GX.1998,GX.1988,GX.1963,GX.2010
K31T3-141023,GX.1998,GX.1988,GX.1964,
K31T3-141106,GX.1998,GX.1988,GX.1964,
K31T3-141120,GX.1998,GX.1988,GX.1964,
K31T3-141204,GX.1998,GX.1988,GX.1964,
K31T3-141217,GX.1998,GX.1988,GX.1964,
K31T3-141229,GX.1998,GX.1988,GX.1964,
K31T3-150116,GX.1998,GX.1988,GX.1964,
K31T3-150130,GX.1998,GX.1988,GX.1964,
K31T3-150213,GX.1998,GX.1988,GX.1964,
K31T3-150226,GX.1998,GX.1988,GX.1964,
K31T3-150314,GX.1998,GX.1988,GX.1964,
K31T3-150326,GX.1998,GX.1988,GX.1964,
K31T3-150409,GX.1998,GX.1988,GX.1964,
K31T3-150423,GX.1998,GX.1988,GX.1964,
K31T3-150509,GX.1998,GX.1988,GX.1964,
K31T3-150523,GX.1998,GX.1988,GX.1964,
K31T3-150604,GX.1998,GX.1988,GX.1964,
K31T3-150618,GX.1998,GX.1988,GX.1964,
K31T3-150702,GX.1998,GX.1988,GX.1964,
K31T3-150716,GX.1998,GX.1988,GX.1964,
K31T3-150730,GX.1998,GX.1988,GX.1964,
K31T3-150817,GX.1998,GX.1988,GX.1964,
K31T3-150826,GX.1998,GX.1988,GX.1964,
K31T3-150912,GX.1998,GX.1988,GX.1964,
K31T4-141023,GX.1998,GX.1988,GX.1965,
K31T4-141106,GX.1998,GX.1988,GX.1965,
K31T4-141120,GX.1998,GX.1988,GX.1965,
K31T4-141204,GX.1998,GX.1988,GX.1965,
K31T4-141217,GX.1998,GX.1988,GX.1965,
K31T4-141229,GX.1998,GX.1988,GX.1965,
K31T4-150116,GX.1998,GX.1988,GX.1965,
K31T4-150130,GX.1998,GX.1988,GX.1965,
K31T4-150213,GX.1998,GX.1988,GX.1965,
K31T4-150226,GX.1998,GX.1988,GX.1965,
K31T4-150314,GX.1998,GX.1988,GX.1965,
K31T4-150326,GX.1998,GX.1988,GX.1965,
K31T4-150409,GX.1998,GX.1988,GX.1965,
K31T4-150423,GX.1998,GX.1988,GX.1965,
K31T4-150509,GX.1998,GX.1988,GX.1965,
K31T4-150523,GX.1998,GX.1988,GX.1965,
K31T4-150604,GX.1998,GX.1988,GX.1965,
K31T4-150618,GX.1998,GX.1988,GX.1965,
K31T4-150702,GX.1998,GX.1988,GX.1965,
K31T4-150716,GX.1998,GX.1988,GX.1965,
K31T4-150730,GX.1998,GX.1988,GX.1965,
K31T4-150817,GX.1998,GX.1988,GX.1965,
K31T4-150826,GX.1998,GX.1988,GX.1965,
K31T4-150912,GX.1998,GX.1988,GX.1965,
R01T1-141024,GX.1998,GX.1993,GX.1977,
R01T1-141107,GX.1998,GX.1993,GX.1977,
R01T1-141121,GX.1998,GX.1993,GX.1977,
R01T1-141205,GX.1998,GX.1993,GX.1977,
R01T1-141216,GX.1998,GX.1993,GX.1977,
R01T1-141229,GX.1998,GX.1993,GX.1977,
R01T1-150114,GX.1998,GX.1993,GX.1977,
R01T1-150129,GX.1998,GX.1993,GX.1977,
R01T1-150212,GX.1998,GX.1993,GX.1977,
R01T1-150227,GX.1998,GX.1993,GX.1977,
R01T1-150314,GX.1998,GX.1993,GX.1977,
R01T1-150327,GX.1998,GX.1993,GX.1977,
R01T1-150410,GX.1998,GX.1993,GX.1977,
R01T1-150424,GX.1998,GX.1993,GX.1977,
R01T1-150508,GX.1998,GX.1993,GX.1977,
R01T1-150522,GX.1998,GX.1993,GX.1977,
R01T1-150605,GX.1998,GX.1993,GX.1977,
R01T1-150619,GX.1998,GX.1993,GX.1977,
R01T1-150703,GX.1998,GX.1993,GX.1977,
R01T1-150717,GX.1998,GX.1993,GX.1977,
R01T1-150731,GX.1998,GX.1993,GX.1977,GX.2010
R01T1-150813,GX.1998,GX.1993,GX.1977,GX.2010
R01T1-150828,GX.1998,GX.1993,GX.1977,
R01T1-150914,GX.1998,GX.1993,GX.1977,
R01T2-141024,GX.1998,GX.1993,GX.1978,
R01T2-141107,GX.1998,GX.1993,GX.1978,
R01T2-141124,GX.1998,GX.1993,GX.1978,
R01T2-141205,GX.1998,GX.1993,GX.1978,
R01T2-141216,GX.1998,GX.1993,GX.1978,
R01T2-141229,GX.1998,GX.1993,GX.1978,
R01T2-150114,GX.1998,GX.1993,GX.1978,
R01T2-150129,GX.1998,GX.1993,GX.1978,
R01T2-150212,GX.1998,GX.1993,GX.1978,
R01T2-150227,GX.1998,GX.1993,GX.1978,
R01T2-150314,GX.1998,GX.1993,GX.1978,
R01T2-150327,GX.1998,GX.1993,GX.1978,
R01T2-150410,GX.1998,GX.1993,GX.1978,
R01T2-150424,GX.1998,GX.1993,GX.1978,
R01T2-150508,GX.1998,GX.1993,GX.1978,
R01T2-150522,GX.1998,GX.1993,GX.1978,
R01T2-150605,GX.1998,GX.1993,GX.1978,
R01T2-150619,GX.1998,GX.1993,GX.1978,
R01T2-150703,GX.1998,GX.1993,GX.1978,
R01T2-150717,GX.1998,GX.1993,GX.1978,
R01T2-150731,GX.1998,GX.1993,GX.1978,
R01T2-150814,GX.1998,GX.1993,GX.1978,
R01T2-150828,GX.1998,GX.1993,GX.1978,
R01T2-150912,GX.1998,GX.1993,GX.1978,
R03T1-140911,GX.1998,GX.1994,GX.1979,
R03T1-140925,GX.1998,GX.1994,GX.1979,
R03T1-141009,GX.1998,GX.1994,GX.1979,
R03T1-141023,GX.1998,GX.1994,GX.1979,
R03T1-141106,GX.1998,GX.1994,GX.1979,
R03T1-141121,GX.1998,GX.1994,GX.1979,
R03T1-141204,GX.1998,GX.1994,GX.1979,
R03T1-141217,GX.1998,GX.1994,GX.1979,
R03T1-141229,GX.1998,GX.1994,GX.1979,
R03T1-150115,GX.1998,GX.1994,GX.1979,
R03T1-150202,GX.1998,GX.1994,GX.1979,
R03T1-150212,GX.1998,GX.1994,GX.1979,
R03T1-150226,GX.1998,GX.1994,GX.1979,
R03T1-150312,GX.1998,GX.1994,GX.1979,
R03T1-150326,GX.1998,GX.1994,GX.1979,
R03T1-150409,GX.1998,GX.1994,GX.1979,
R03T1-150423,GX.1998,GX.1994,GX.1979,
R03T1-150507,GX.1998,GX.1994,GX.1979,
R03T1-150521,GX.1998,GX.1994,GX.1979,
R03T1-150604,GX.1998,GX.1994,GX.1979,
R03T1-150618,GX.1998,GX.1994,GX.1979,
R03T1-150702,GX.1998,GX.1994,GX.1979,
R03T1-150716,GX.1998,GX.1994,GX.1979,
R03T1-150730,GX.1998,GX.1994,GX.1979,
R03T1-150814,GX.1998,GX.1994,GX.1979,
R03T1-150826,GX.1998,GX.1994,GX.1979,
R03T1-150912,GX.1998,GX.1994,GX.1979,
R03T2-140911,GX.1998,GX.1994,GX.1980,
R03T2-140925,GX.1998,GX.1994,GX.1980,
R03T2-141009,GX.1998,GX.1994,GX.1980,
R03T2-141023,GX.1998,GX.1994,GX.1980,
R03T2-141106,GX.1998,GX.1994,GX.1980,
R03T2-141121,GX.1998,GX.1994,GX.1980,
R03T2-141204,GX.1998,GX.1994,GX.1980,
R03T2-141217,GX.1998,GX.1994,GX.1980,
R03T2-141229,GX.1998,GX.1994,GX.1980,
R03T2-150115,GX.1998,GX.1994,GX.1980,
R03T2-150202,GX.1998,GX.1994,GX.1980,
R03T2-150212,GX.1998,GX.1994,GX.1980,
R03T2-150226,GX.1998,GX.1994,GX.1980,
R03T2-150312,GX.1998,GX.1994,GX.1980,
R03T2-150326,GX.1998,GX.1994,GX.1980,
R03T2-150409,GX.1998,GX.1994,GX.1980,
R03T2-150423,GX.1998,GX.1994,GX.1980,
R03T2-150507,GX.1998,GX.1994,GX.1980,
R03T2-150521,GX.1998,GX.1994,GX.1980,
R03T2-150604,GX.1998,GX.1994,GX.1980,
R03T2-150618,GX.1998,GX.1994,GX.1980,
R03T2-150702,GX.1998,GX.1994,GX.1980,
R03T2-150716,GX.1998,GX.1994,GX.1980,
R03T2-150730,GX.1998,GX.1994,GX.1980,
R03T2-150814,GX.1998,GX.1994,GX.1980,
R03T2-150826,GX.1998,GX.1994,GX.1980,
R03T2-150912,GX.1998,GX.1994,GX.1980,GX.2010
R93T1-140909,GX.1998,GX.1991,GX.1973,
R93T1-140923,GX.1998,GX.1991,GX.1973,
R93T1-141007,GX.1998,GX.1991,GX.1973,
R93T1-141020,GX.1998,GX.1991,GX.1973,
R93T1-141103,GX.1998,GX.1991,GX.1973,
R93T1-141117,GX.1998,GX.1991,GX.1973,
R93T1-141201,GX.1998,GX.1991,GX.1973,
R93T1-141214,GX.1998,GX.1991,GX.1973,
R93T1-141226,GX.1998,GX.1991,GX.1973,
R93T1-150112,GX.1998,GX.1991,GX.1973,
R93T1-150126,GX.1998,GX.1991,GX.1973,
R93T1-150209,GX.1998,GX.1991,GX.1973,
R93T1-150223,GX.1998,GX.1991,GX.1973,
R93T1-150309,GX.1998,GX.1991,GX.1973,
R93T1-150323,GX.1998,GX.1991,GX.1973,
R93T1-150406,GX.1998,GX.1991,GX.1973,
R93T1-150420,GX.1998,GX.1991,GX.1973,
R93T1-150504,GX.1998,GX.1991,GX.1973,
R93T1-150518,GX.1998,GX.1991,GX.1973,
R93T1-150601,GX.1998,GX.1991,GX.1973,
R93T1-150615,GX.1998,GX.1991,GX.1973,
R93T1-150629,GX.1998,GX.1991,GX.1973,
R93T1-150713,GX.1998,GX.1991,GX.1973,
R93T1-150727,GX.1998,GX.1991,GX.1973,
R93T1-150803,GX.1998,GX.1991,GX.1973,
R93T1-15080311,GX.1998,GX.1991,GX.1973,
R93T1-15080315,GX.1998,GX.1991,GX.1973,
R93T1-15080319,GX.1998,GX.1991,GX.1973,
R93T1-15080323,GX.1998,GX.1991,GX.1973,
R93T1-15080403,GX.1998,GX.1991,GX.1973,
R93T1-15080407,GX.1998,GX.1991,GX.1973,
R93T1-15080411,GX.1998,GX.1991,GX.1973,
R93T1-15080415,GX.1998,GX.1991,GX.1973,
R93T1-15080419,GX.1998,GX.1991,GX.1973,
R93T1-15080423,GX.1998,GX.1991,GX.1973,
R93T1-15080503,GX.1998,GX.1991,GX.1973,
R93T1-15080507,GX.1998,GX.1991,GX.1973,
R93T1-15080511,GX.1998,GX.1991,GX.1973,
R93T1-150810,GX.1998,GX.1991,GX.1973,
R93T1-150824,GX.1998,GX.1991,GX.1973,
R93T1-150907,GX.1998,GX.1991,GX.1973,
R93T1-150914,GX.1998,GX.1991,GX.1973,
R93T2-140925,GX.1998,GX.1991,GX.1974,
R93T2-141009,GX.1998,GX.1991,GX.1974,
R93T2-141020,GX.1998,GX.1991,GX.1974,
R93T2-141103,GX.1998,GX.1991,GX.1974,
R93T2-141117,GX.1998,GX.1991,GX.1974,
R93T2-141201,GX.1998,GX.1991,GX.1974,
R93T2-141214,GX.1998,GX.1991,GX.1974,
R93T2-141226,GX.1998,GX.1991,GX.1974,
R93T2-150112,GX.1998,GX.1991,GX.1974,
R93T2-150126,GX.1998,GX.1991,GX.1974,
R93T2-150209,GX.1998,GX.1991,GX.1974,
R93T2-150223,GX.1998,GX.1991,GX.1974,
R93T2-150309,GX.1998,GX.1991,GX.1974,
R93T2-150323,GX.1998,GX.1991,GX.1974,
R93T2-150406,GX.1998,GX.1991,GX.1974,
R93T2-150420,GX.1998,GX.1991,GX.1974,
R93T2-150504,GX.1998,GX.1991,GX.1974,
R93T2-150518,GX.1998,GX.1991,GX.1974,
R93T2-150601,GX.1998,GX.1991,GX.1974,
R93T2-150615,GX.1998,GX.1991,GX.1974,
R93T2-150629,GX.1998,GX.1991,GX.1974,
R93T2-150713,GX.1998,GX.1991,GX.1974,
R93T2-150727,GX.1998,GX.1991,GX.1974,
R93T2-150810,GX.1998,GX.1991,GX.1974,
R93T2-150824,GX.1998,GX.1991,GX.1974,
R93T2-150907,GX.1998,GX.1991,GX.1974,
R93T2-150914,GX.1998,GX.1991,GX.1974,
R98T1-141024,GX.1998,GX.1992,GX.1975,
R98T1-141107,GX.1998,GX.1992,GX.1975,
R98T1-141121,GX.1998,GX.1992,GX.1975,
R98T1-141205,GX.1998,GX.1992,GX.1975,
R98T1-141216,GX.1998,GX.1992,GX.1975,
R98T1-141229,GX.1998,GX.1992,GX.1975,
R98T1-150114,GX.1998,GX.1992,GX.1975,
R98T1-150129,GX.1998,GX.1992,GX.1975,
R98T1-150212,GX.1998,GX.1992,GX.1975,
R98T1-150227,GX.1998,GX.1992,GX.1975,
R98T1-150314,GX.1998,GX.1992,GX.1975,
R98T1-150327,GX.1998,GX.1992,GX.1975,
R98T1-150410,GX.1998,GX.1992,GX.1975,
R98T1-150424,GX.1998,GX.1992,GX.1975,
R98T1-150508,GX.1998,GX.1992,GX.1975,
R98T1-150522,GX.1998,GX.1992,GX.1975,
R98T1-150605,GX.1998,GX.1992,GX.1975,
R98T1-150619,GX.1998,GX.1992,GX.1975,
R98T1-150703,GX.1998,GX.1992,GX.1975,
R98T1-150717,GX.1998,GX.1992,GX.1975,
R98T1-150731,GX.1998,GX.1992,GX.1975,
R98T1-150813,GX.1998,GX.1992,GX.1975,
R98T1-150828,GX.1998,GX.1992,GX.1975,
R98T1-150914,GX.1998,GX.1992,GX.1975,
R98T2-141024,GX.1998,GX.1992,GX.1976,
R98T2-141107,GX.1998,GX.1992,GX.1976,
R98T2-141121,GX.1998,GX.1992,GX.1976,
R98T2-141205,GX.1998,GX.1992,GX.1976,
R98T2-141216,GX.1998,GX.1992,GX.1976,
R98T2-141229,GX.1998,GX.1992,GX.1976,
R98T2-150114,GX.1998,GX.1992,GX.1976,
R98T2-150129,GX.1998,GX.1992,GX.1976,
R98T2-150212,GX.1998,GX.1992,GX.1976,
R98T2-150227,GX.1998,GX.1992,GX.1976,
R98T2-150314,GX.1998,GX.1992,GX.1976,
R98T2-150327,GX.1998,GX.1992,GX.1976,
R98T2-150410,GX.1998,GX.1992,GX.1976,
R98T2-150424,GX.1998,GX.1992,GX.1976,
R98T2-150508,GX.1998,GX.1992,GX.1976,
R98T2-150522,GX.1998,GX.1992,GX.1976,
R98T2-150605,GX.1998,GX.1992,GX.1976,
R98T2-150619,GX.1998,GX.1992,GX.1976,
R98T2-150703,GX.1998,GX.1992,GX.1976,
R98T2-150717,GX.1998,GX.1992,GX.1976,
R98T2-150731,GX.1998,GX.1992,GX.1976,
R98T2-150813,GX.1998,GX.1992,GX.1976,
R98T2-150828,GX.1998,GX.1992,GX.1976,
R98T2-150914,GX.1998,GX.1992,GX.1976,
TRAILT1-141024,GX.1998,GX.1996,GX.1983,
TRAILT1-141107,GX.1998,GX.1996,GX.1983,
TRAILT1-141121,GX.1998,GX.1996,GX.1983,
TRAILT1-141205,GX.1998,GX.1996,GX.1983,
TRAILT1-141214,GX.1998,GX.1996,GX.1983,
TRAILT1-141229,GX.1998,GX.1996,GX.1983,
TRAILT1-150114,GX.1998,GX.1996,GX.1983,
TRAILT1-150129,GX.1998,GX.1996,GX.1983,
TRAILT1-150212,GX.1998,GX.1996,GX.1983,
TRAILT1-150227,GX.1998,GX.1996,GX.1983,
TRAILT1-150314,GX.1998,GX.1996,GX.1983,
TRAILT1-150327,GX.1998,GX.1996,GX.1983,
TRAILT1-150410,GX.1998,GX.1996,GX.1983,
TRAILT1-150424,GX.1998,GX.1996,GX.1983,
TRAILT1-150508,GX.1998,GX.1996,GX.1983,
TRAILT1-150522,GX.1998,GX.1996,GX.1983,
TRAILT1-150605,GX.1998,GX.1996,GX.1983,
TRAILT1-150619,GX.1998,GX.1996,GX.1983,
TRAILT1-150703,GX.1998,GX.1996,GX.1983,
TRAILT1-150717,GX.1998,GX.1996,GX.1983,
TRAILT1-150731,GX.1998,GX.1996,GX.1983,
TRAILT1-150813,GX.1998,GX.1996,GX.1983,
TRAILT1-150828,GX.1998,GX.1996,GX.1983,
TRAILT1-150914,GX.1998,GX.1996,GX.1983,
